member_id,ite_score,rank
22231,0.15132977,1
22622,0.1507639,2
25911,0.15075465,3
20496,0.14695394,4
24723,0.14450143,5
25267,0.14380065,6
27326,0.1430497,7
29422,0.14231846,8
26892,0.14220229,9
27886,0.14168161,10
24271,0.1399977,11
25680,0.13946459,12
22097,0.1368764,13
25917,0.13571464,14
25922,0.13349432,15
23002,0.1312496,16
24659,0.1311336,17
22539,0.13095596,18
26951,0.13081479,19
25587,0.13041924,20
21138,0.12822716,21
22839,0.12697005,22
25311,0.1268233,23
21475,0.12541819,24
22848,0.12540044,25
24102,0.12522458,26
20234,0.12485599,27
29243,0.12409439,28
28540,0.12297384,29
25051,0.1223919,30
26715,0.122286156,31
21785,0.12189706,32
29721,0.12091716,33
29805,0.12088298,34
28351,0.12087344,35
23615,0.12062214,36
24481,0.12037017,37
20584,0.11994681,38
25772,0.1197745,39
28745,0.119507596,40
29992,0.119465664,41
24976,0.119380295,42
21163,0.11880942,43
28170,0.11875253,44
25868,0.117691,45
27049,0.11717998,46
22823,0.116610155,47
25545,0.11634869,48
21064,0.116201706,49
20422,0.11614688,50
27607,0.116130956,51
23476,0.11532977,52
20137,0.11487604,53
23887,0.114829674,54
25808,0.114569515,55
25525,0.11446845,56
23326,0.113490276,57
21540,0.1132589,58
20703,0.11312916,59
27641,0.112691596,60
27407,0.112592876,61
27267,0.11235746,62
27150,0.111413874,63
24094,0.11119348,64
26069,0.11113125,65
26773,0.11026732,66
22463,0.11015912,67
29652,0.109974906,68
22466,0.10875718,69
25701,0.108194456,70
20800,0.10818422,71
21999,0.10774614,72
28237,0.10732663,73
20746,0.10692069,74
22087,0.10674006,75
21762,0.10670456,76
21858,0.10651389,77
26837,0.106032595,78
23259,0.10595885,79
26359,0.10594968,80
21943,0.10565083,81
27021,0.105497435,82
20215,0.105170205,83
27028,0.10491354,84
22496,0.10481667,85
21994,0.10473567,86
21794,0.10443975,87
28770,0.10425362,88
26734,0.10412433,89
20749,0.104035884,90
22746,0.10382015,91
24515,0.10343464,92
27714,0.10320223,93
25532,0.10305638,94
29291,0.10295048,95
24002,0.10210824,96
21628,0.10193451,97
27111,0.10161313,98
21487,0.10150976,99
26276,0.101345934,100
26101,0.101281025,101
25561,0.10122289,102
25278,0.10078527,103
23697,0.100155085,104
21779,0.09984579,105
23095,0.09967026,106
23939,0.09942578,107
22900,0.09897769,108
24715,0.09879762,109
27895,0.098055884,110
21824,0.09723681,111
26992,0.096988864,112
26682,0.09696835,113
21752,0.09544063,114
27643,0.095191844,115
21955,0.09511186,116
23685,0.095073,117
26998,0.09501835,118
29093,0.094825864,119
29378,0.094669186,120
29365,0.09462783,121
24997,0.09462507,122
21652,0.094503194,123
22069,0.094481975,124
27927,0.093688376,125
26628,0.09332512,126
23105,0.09318255,127
23951,0.092794925,128
22980,0.09235863,129
29006,0.09225112,130
28433,0.09162007,131
25254,0.09114499,132
21883,0.09113473,133
24037,0.091133565,134
22882,0.091081664,135
23283,0.09082375,136
27151,0.09066809,137
21423,0.09066426,138
25327,0.09032224,139
28248,0.0903116,140
25605,0.08933086,141
26405,0.089300446,142
27524,0.089228444,143
27062,0.08918127,144
29751,0.08902122,145
27099,0.08885179,146
26644,0.08879557,147
27168,0.08872455,148
25317,0.08860691,149
20793,0.08774805,150
20460,0.087640405,151
20351,0.087638445,152
21686,0.08751045,153
29409,0.087462984,154
26503,0.087455735,155
24442,0.08725811,156
25672,0.087235995,157
29207,0.087213434,158
25446,0.08720339,159
27507,0.08688184,160
29745,0.08655454,161
22164,0.08639133,162
27377,0.08638864,163
28386,0.08628966,164
25694,0.086152926,165
27735,0.085640416,166
22503,0.08564022,167
28606,0.08551874,168
23430,0.08545178,169
29791,0.085444845,170
25057,0.08515115,171
24580,0.08510744,172
21710,0.08501729,173
27103,0.08499859,174
22461,0.08494573,175
21349,0.0849413,176
23053,0.08483897,177
28915,0.08465879,178
23993,0.08450338,179
28699,0.08441379,180
22694,0.084190115,181
25889,0.08412532,182
28163,0.08410036,183
23749,0.084029436,184
27055,0.08391977,185
20436,0.083859414,186
24839,0.08375505,187
23490,0.08361939,188
29754,0.08350987,189
22482,0.08349566,190
28731,0.08349532,191
26477,0.083442666,192
24571,0.08327052,193
20811,0.08312942,194
27887,0.083072595,195
24217,0.08283728,196
25208,0.082828656,197
23616,0.08280682,198
26385,0.08266254,199
22799,0.08264627,200
23041,0.082555756,201
21342,0.08246024,202
22195,0.08240199,203
22632,0.082356416,204
26977,0.08228101,205
23394,0.08220945,206
24031,0.082170665,207
29603,0.08205404,208
26721,0.082013756,209
22395,0.082011804,210
24565,0.08196645,211
28324,0.08195077,212
22154,0.081940874,213
26363,0.08191882,214
20277,0.08189788,215
26002,0.08162894,216
29508,0.081533365,217
25014,0.08145559,218
25243,0.08144274,219
26779,0.08133152,220
26527,0.08090641,221
23481,0.080832876,222
28314,0.08074401,223
24710,0.080486424,224
27618,0.08040494,225
21983,0.08039386,226
27865,0.08033588,227
28500,0.08023682,228
29596,0.08022342,229
26514,0.08007866,230
20757,0.08007291,231
29679,0.0800201,232
22614,0.08001611,233
26194,0.07993917,234
29968,0.07987361,235
20009,0.079354025,236
24685,0.07932341,237
26278,0.079312876,238
23213,0.07930295,239
27011,0.0792501,240
28272,0.079152375,241
23709,0.07899081,242
27188,0.07898724,243
22268,0.07892282,244
26022,0.078440316,245
25367,0.07839434,246
28752,0.07827387,247
22732,0.07817839,248
21656,0.07817644,249
29941,0.07814617,250
22751,0.07807292,251
29014,0.07806382,252
25259,0.07801757,253
29192,0.07799576,254
22047,0.07787052,255
20333,0.077845074,256
28319,0.07778852,257
20293,0.077748835,258
20624,0.077720284,259
20476,0.07770422,260
25494,0.077600524,261
21967,0.07742567,262
27936,0.077412024,263
26905,0.077406585,264
22664,0.07693843,265
25098,0.07688856,266
21394,0.07687694,267
20383,0.07664611,268
25692,0.07633449,269
25135,0.07628985,270
26971,0.076270476,271
29940,0.07619148,272
28643,0.07617667,273
24574,0.07616776,274
26709,0.07610863,275
21612,0.07592928,276
25751,0.07552068,277
26789,0.07530909,278
24572,0.07517959,279
27229,0.07515507,280
23880,0.074926145,281
27527,0.07468536,282
26916,0.07464376,283
21587,0.074591905,284
23791,0.074319586,285
28193,0.074262604,286
25481,0.07422959,287
22844,0.07422103,288
23471,0.074213766,289
25308,0.07419349,290
23288,0.074161224,291
25846,0.07410914,292
20394,0.07396757,293
21095,0.07394742,294
20051,0.073916964,295
27733,0.07390897,296
25293,0.073788084,297
25218,0.073786125,298
29839,0.07376473,299
28777,0.07370835,300
20432,0.07345012,301
20759,0.07315984,302
24354,0.07282421,303
22249,0.07274763,304
29555,0.072704196,305
25555,0.07269283,306
20179,0.0725109,307
24759,0.07223459,308
25859,0.07222901,309
26532,0.07222829,310
22798,0.072075956,311
24751,0.071994744,312
24843,0.07197982,313
23079,0.07167119,314
29420,0.07163706,315
23090,0.07159908,316
20859,0.07159807,317
29058,0.07146683,318
28683,0.071457416,319
20015,0.07129373,320
25603,0.07124449,321
23847,0.07091929,322
23919,0.07036311,323
23955,0.07008886,324
29386,0.07007036,325
23795,0.06991863,326
20702,0.06982538,327
24114,0.069724925,328
29361,0.069684595,329
21507,0.06959986,330
29485,0.069406286,331
23215,0.06938098,332
28192,0.06934932,333
27397,0.06922222,334
20412,0.069110855,335
28944,0.06890549,336
21450,0.0686134,337
27578,0.06854485,338
27569,0.06852194,339
25415,0.06851067,340
27070,0.06839864,341
26981,0.06836407,342
24295,0.06817933,343
29094,0.06797834,344
22096,0.06779717,345
28493,0.06778502,346
21308,0.067775585,347
26025,0.06771109,348
29262,0.0676454,349
27561,0.06750732,350
22689,0.06738642,351
29797,0.0672032,352
25715,0.066904075,353
21315,0.06648231,354
27789,0.06623365,355
22785,0.066178806,356
23299,0.066158995,357
21930,0.06603881,358
22602,0.06597999,359
22050,0.06575836,360
21071,0.06540913,361
29145,0.06519661,362
29352,0.0651269,363
23731,0.0650821,364
27002,0.064763956,365
28789,0.06467843,366
26676,0.06465929,367
20274,0.06458978,368
27378,0.06444177,369
22086,0.06442403,370
25212,0.06414075,371
29599,0.06407353,372
29916,0.06405943,373
23023,0.06402578,374
23853,0.063663565,375
27528,0.06358955,376
22468,0.063445315,377
29024,0.063436985,378
25020,0.06339093,379
21510,0.063259155,380
25132,0.06324649,381
20322,0.06298298,382
26930,0.06294674,383
25928,0.06282006,384
25287,0.06251243,385
29148,0.0624938,386
21583,0.062353685,387
26593,0.062320277,388
24647,0.06211234,389
26657,0.0620014,390
26801,0.061951987,391
27954,0.061867677,392
24995,0.06173858,393
28097,0.061687496,394
22253,0.06129387,395
25368,0.061271086,396
22323,0.061247665,397
22860,0.06117007,398
28069,0.061120942,399
29468,0.061099008,400
26917,0.061081395,401
23977,0.06096503,402
29240,0.06095563,403
22334,0.060932226,404
23647,0.060902763,405
20828,0.06066528,406
28388,0.060560416,407
23677,0.06017878,408
23162,0.060143314,409
25487,0.059913285,410
21791,0.059888996,411
29321,0.059485517,412
23857,0.059281074,413
23891,0.05902551,414
21810,0.05892998,415
20742,0.05891084,416
23052,0.05889637,417
23164,0.05862753,418
27040,0.058561258,419
29949,0.058560684,420
27419,0.058548756,421
23850,0.05854308,422
29692,0.058533117,423
28466,0.058506876,424
28794,0.058485456,425
24480,0.058449816,426
21290,0.058448907,427
23554,0.058448903,428
21649,0.058384933,429
21442,0.058362924,430
26718,0.05829302,431
22156,0.058211185,432
22535,0.05813299,433
20927,0.058069527,434
20331,0.057978068,435
29337,0.057958044,436
21856,0.057946183,437
26109,0.05791813,438
22093,0.057741396,439
25329,0.057729296,440
26877,0.05762677,441
25831,0.05727032,442
21001,0.05707434,443
26672,0.056905538,444
21220,0.056807976,445
27921,0.056738466,446
25465,0.05673291,447
20635,0.056731142,448
28087,0.05664275,449
24153,0.056621652,450
25005,0.056613334,451
26226,0.05660729,452
23085,0.056595564,453
25448,0.05654021,454
24028,0.056298852,455
28505,0.056074753,456
25579,0.056053706,457
28851,0.055981733,458
20004,0.055841282,459
23825,0.055755645,460
25604,0.05575357,461
27192,0.0557293,462
25369,0.05570371,463
24436,0.055543024,464
29012,0.055497456,465
27024,0.055468556,466
23158,0.055360913,467
28678,0.05535303,468
27988,0.05526688,469
29866,0.055181906,470
23228,0.055142634,471
21421,0.055130575,472
28585,0.055111747,473
21339,0.05505383,474
20086,0.055045135,475
22913,0.05502178,476
25729,0.05491408,477
29424,0.05487524,478
24112,0.054653853,479
29854,0.05455046,480
21028,0.054535646,481
28608,0.054526303,482
23024,0.054486535,483
25947,0.054445215,484
20489,0.054367296,485
24288,0.054353006,486
23443,0.054326095,487
26855,0.05428055,488
23308,0.054247282,489
20594,0.054198317,490
22815,0.054101475,491
22107,0.05394199,492
29242,0.05393918,493
29667,0.05393649,494
20345,0.05389801,495
21547,0.053870864,496
21214,0.053846307,497
23728,0.053802893,498
25125,0.05375744,499
24789,0.05372957,500
29732,0.05370394,501
21966,0.053548753,502
26357,0.053422272,503
25634,0.053402852,504
24643,0.053381946,505
21532,0.053283323,506
28860,0.053224076,507
23758,0.05318945,508
23282,0.053177945,509
26859,0.053129442,510
20226,0.053091742,511
28598,0.053007282,512
21006,0.052978903,513
27557,0.05285392,514
28473,0.05278582,515
24886,0.052767906,516
26829,0.052755028,517
23138,0.05268451,518
22854,0.05268305,519
24398,0.05266931,520
20272,0.052594535,521
21630,0.05257429,522
23874,0.052554898,523
25796,0.0524953,524
28977,0.0524887,525
26846,0.052478947,526
25056,0.05244995,527
26059,0.052440707,528
27025,0.05242645,529
26643,0.05241426,530
24837,0.05241342,531
25691,0.052406855,532
29141,0.052305326,533
24547,0.05229994,534
26923,0.052200146,535
21947,0.052179486,536
23351,0.052164897,537
26588,0.05214172,538
27010,0.05209528,539
20358,0.052043743,540
21455,0.051951684,541
26774,0.05192583,542
26080,0.051874056,543
23799,0.05177783,544
24209,0.051719062,545
26065,0.05159452,546
29986,0.051586036,547
26158,0.051585123,548
27843,0.05155199,549
29824,0.051549833,550
28779,0.051549472,551
20706,0.051546264,552
23562,0.051535908,553
26163,0.051533952,554
24321,0.051433124,555
27748,0.051428683,556
28747,0.05139423,557
26816,0.05138798,558
28554,0.051387854,559
24212,0.05136501,560
20926,0.051357336,561
29629,0.051264316,562
29039,0.05120564,563
24010,0.051100478,564
29582,0.051033884,565
22181,0.051018417,566
21467,0.050959796,567
23683,0.05091407,568
23725,0.050821565,569
25192,0.05076793,570
21264,0.05065199,571
22859,0.050631672,572
29593,0.05062861,573
25247,0.050572082,574
28206,0.05056289,575
27734,0.05047062,576
23031,0.050450686,577
29253,0.050389864,578
25690,0.050338525,579
25845,0.05031836,580
28080,0.050252974,581
23644,0.05022549,582
28570,0.050189115,583
28553,0.05014827,584
26655,0.05013858,585
26671,0.050105836,586
20078,0.050088927,587
26792,0.05004205,588
22310,0.04991675,589
25710,0.049878962,590
27813,0.04985781,591
20025,0.049829494,592
26259,0.049817625,593
24139,0.04980655,594
28234,0.049772263,595
25669,0.04971406,596
20380,0.049669445,597
29832,0.049642615,598
24931,0.0495534,599
22413,0.049517557,600
20962,0.04948549,601
20198,0.049437076,602
25089,0.049420267,603
28078,0.04940214,604
23429,0.049317412,605
21086,0.049259625,606
20965,0.04925774,607
20257,0.04925081,608
22483,0.049188532,609
23219,0.049186178,610
28538,0.049145557,611
24720,0.04908882,612
21446,0.049085602,613
29025,0.04907675,614
25028,0.0490515,615
24978,0.049019918,616
26702,0.049007714,617
22584,0.049003195,618
28986,0.04898805,619
29026,0.048987113,620
20481,0.0489589,621
22070,0.04890742,622
21495,0.048889585,623
25716,0.048809998,624
25517,0.04880233,625
20881,0.04878003,626
23126,0.048725188,627
28592,0.048660547,628
27633,0.048598103,629
21129,0.048572563,630
25395,0.048571628,631
27946,0.04856328,632
23885,0.0485325,633
29954,0.04852868,634
20660,0.048520885,635
23118,0.04847699,636
27006,0.04836253,637
28664,0.04835184,638
24285,0.048349384,639
21477,0.048287354,640
20952,0.04811635,641
23328,0.048066527,642
23050,0.048009787,643
22905,0.04799383,644
21590,0.04796009,645
20812,0.047882304,646
22601,0.047843054,647
28251,0.047773346,648
27669,0.047704313,649
24514,0.047702312,650
23261,0.04769975,651
22387,0.047685474,652
27841,0.047651615,653
22867,0.047542714,654
24233,0.047516428,655
21746,0.047505587,656
25024,0.047482856,657
23978,0.04746632,658
28666,0.04741853,659
26215,0.047412567,660
24089,0.04738538,661
22113,0.047373533,662
25390,0.047366954,663
22299,0.04735303,664
21266,0.047348477,665
22245,0.0473098,666
27998,0.047293097,667
27180,0.04726734,668
25117,0.0472268,669
21560,0.047218964,670
20364,0.04714589,671
22813,0.047130715,672
22110,0.04711499,673
21817,0.047095574,674
28729,0.04707646,675
25763,0.047032416,676
27266,0.04698053,677
26039,0.046972986,678
23660,0.046954382,679
23246,0.04692651,680
25651,0.04690625,681
25148,0.04688683,682
22588,0.046858776,683
26944,0.046856947,684
29434,0.04682523,685
28484,0.046808004,686
27239,0.04674589,687
25754,0.04669003,688
21109,0.046656698,689
25288,0.04662112,690
23761,0.04659114,691
22189,0.046513855,692
27186,0.046469167,693
26179,0.04645542,694
20444,0.046410263,695
25735,0.046407692,696
22985,0.046406075,697
20907,0.046383016,698
23688,0.046382383,699
27485,0.04637984,700
20415,0.04615003,701
28679,0.046100874,702
28297,0.046090573,703
26498,0.04607682,704
22451,0.046069507,705
29015,0.046062075,706
20787,0.046058245,707
21351,0.04599014,708
21941,0.045981646,709
24103,0.045925908,710
27306,0.045910962,711
27854,0.045895584,712
23840,0.045865305,713
23235,0.045780074,714
20842,0.045760825,715
26196,0.045751266,716
21135,0.04565803,717
24898,0.045628328,718
20365,0.04562465,719
24387,0.045612976,720
21726,0.04557798,721
22576,0.045567907,722
24504,0.045544554,723
21368,0.04551616,724
22821,0.045500904,725
29698,0.045493975,726
23355,0.045466803,727
28671,0.04545243,728
26110,0.04544214,729
26379,0.04543238,730
27698,0.04541745,731
26004,0.045252256,732
22058,0.045245584,733
25910,0.045239743,734
23212,0.045235932,735
21066,0.04522258,736
24220,0.04520637,737
25790,0.04514003,738
29909,0.045037888,739
29124,0.04503192,740
22935,0.044989455,741
23628,0.04495866,742
22045,0.044916287,743
25753,0.044888273,744
28791,0.044886597,745
28681,0.044865146,746
28264,0.044836737,747
28908,0.044820942,748
22855,0.044788532,749
25061,0.04469228,750
20193,0.044690095,751
21588,0.044673152,752
25607,0.044624925,753
20062,0.04456413,754
24988,0.044561736,755
29580,0.044519074,756
23927,0.04451763,757
24182,0.044491567,758
28675,0.04435098,759
21518,0.044283185,760
28819,0.044236667,761
29349,0.04421106,762
27797,0.04420452,763
20738,0.044186782,764
25398,0.04414347,765
21800,0.044142917,766
21256,0.0440771,767
27243,0.044068325,768
27582,0.04404955,769
27562,0.044014096,770
29392,0.04399848,771
20982,0.04399047,772
22565,0.04393941,773
25724,0.043925077,774
21576,0.043912172,775
28383,0.04390989,776
24434,0.043710634,777
22421,0.04357919,778
20809,0.04357581,779
21772,0.04346638,780
27858,0.04326564,781
24897,0.043264724,782
26116,0.043219354,783
27039,0.043150984,784
26437,0.04313586,785
20940,0.04313118,786
29109,0.043068025,787
26223,0.042970896,788
21042,0.042924315,789
24121,0.042910926,790
23353,0.04289569,791
24281,0.042833924,792
23027,0.042756557,793
23841,0.042713232,794
28541,0.042702843,795
29305,0.042673707,796
29316,0.042624608,797
22291,0.042575758,798
27565,0.042492665,799
29071,0.042379335,800
22962,0.04232528,801
27432,0.042319506,802
21173,0.042276673,803
28198,0.04226266,804
24636,0.042177364,805
28221,0.04217098,806
28494,0.04216469,807
24984,0.04211005,808
24769,0.042109862,809
25187,0.042009078,810
22761,0.041964382,811
20875,0.04191605,812
26650,0.041867197,813
23432,0.04181419,814
25830,0.041806854,815
24029,0.04180023,816
24408,0.041795716,817
27027,0.041695498,818
21182,0.041645527,819
23012,0.04163006,820
23038,0.041600823,821
23062,0.041571803,822
23870,0.04143258,823
28934,0.04141952,824
28074,0.04140213,825
21655,0.0413954,826
29125,0.041299224,827
25407,0.04126203,828
22613,0.041250337,829
20551,0.041108914,830
26047,0.041089967,831
25323,0.041079946,832
21217,0.04093194,833
27169,0.04091019,834
21526,0.040714197,835
29078,0.0406117,836
24464,0.04059443,837
28320,0.04055076,838
22881,0.04042849,839
25872,0.040372804,840
26723,0.040340647,841
26325,0.040160842,842
22627,0.040150702,843
25973,0.040146567,844
29762,0.040027186,845
23652,0.039985254,846
21672,0.039983034,847
28171,0.039973885,848
27830,0.03992588,849
24192,0.039625883,850
28123,0.039624035,851
26296,0.039599553,852
20324,0.039553013,853
25582,0.039439306,854
23881,0.03940784,855
23518,0.039375156,856
23925,0.039338425,857
21842,0.03929245,858
23242,0.03926252,859
27913,0.038984023,860
29209,0.03891009,861
25119,0.038893454,862
21807,0.038650423,863
22769,0.03863926,864
24505,0.038597733,865
25164,0.038583517,866
22493,0.03856557,867
27460,0.03842365,868
22327,0.038409773,869
26729,0.038323425,870
23057,0.038301215,871
20685,0.038262486,872
25001,0.038242504,873
25839,0.038032882,874
22498,0.038014624,875
20823,0.037985794,876
27573,0.03791134,877
24186,0.037896708,878
28423,0.03765765,879
23262,0.037636757,880
20873,0.03763473,881
22898,0.03742478,882
27241,0.037369333,883
21297,0.03722252,884
22010,0.037186775,885
21463,0.037117206,886
20252,0.03711366,887
29067,0.037005812,888
29384,0.036925815,889
25265,0.03674829,890
27517,0.03667508,891
29657,0.036631055,892
29463,0.036570452,893
28052,0.036549598,894
29534,0.036335163,895
22926,0.036095433,896
21888,0.03607215,897
28766,0.03607045,898
23348,0.03604529,899
28897,0.035975605,900
20840,0.03597273,901
21158,0.035958253,902
23626,0.035849363,903
22537,0.035758518,904
22025,0.03569097,905
25673,0.035590358,906
29837,0.035334036,907
25000,0.035210326,908
23483,0.035186693,909
29478,0.035163898,910
25038,0.035151757,911
25712,0.035123654,912
23560,0.035098962,913
20727,0.03505384,914
23346,0.03499932,915
26764,0.034977816,916
27222,0.034926154,917
23907,0.034893,918
20005,0.034841932,919
20452,0.03459999,920
25464,0.03454767,921
28122,0.034509175,922
26238,0.03448859,923
24315,0.03446217,924
23303,0.034444615,925
24324,0.034431897,926
28339,0.034338474,927
20033,0.034330115,928
26380,0.034148745,929
28110,0.03402879,930
29878,0.034000933,931
29743,0.0339991,932
24397,0.033869572,933
25932,0.03383317,934
20911,0.03379125,935
26058,0.033739768,936
25775,0.033737957,937
20567,0.033579387,938
21812,0.03355228,939
28876,0.03353899,940
21270,0.033538893,941
27800,0.033498757,942
22552,0.03347289,943
27912,0.03342457,944
27043,0.033404224,945
24369,0.033338152,946
29429,0.033205613,947
25169,0.033174075,948
28850,0.033169612,949
20807,0.033107154,950
25812,0.03300006,951
28842,0.03290893,952
25841,0.0326481,953
24811,0.0326164,954
21516,0.032507107,955
27754,0.032075003,956
28930,0.03201791,957
29622,0.031865425,958
26211,0.031861126,959
20175,0.0318503,960
23892,0.031794064,961
20776,0.031702466,962
28956,0.0316462,963
20313,0.03163729,964
26469,0.031553537,965
29304,0.03153526,966
20250,0.03135351,967
21322,0.03128192,968
21543,0.031197794,969
24332,0.031196885,970
20263,0.031136848,971
29663,0.031039894,972
28235,0.030947067,973
29965,0.03090135,974
24385,0.030876301,975
24899,0.03076158,976
20994,0.030233592,977
27261,0.030172221,978
20059,0.030106135,979
20472,0.030067965,980
21734,0.029876783,981
23194,0.029824376,982
23910,0.029823102,983
26908,0.02981732,984
26900,0.02977886,985
23324,0.029690847,986
28846,0.029472291,987
25840,0.029467903,988
25511,0.029367663,989
29724,0.029320069,990
27925,0.029229991,991
25130,0.02920901,992
22474,0.029204667,993
20083,0.02917923,994
24644,0.029143557,995
22875,0.029103845,996
21328,0.028944619,997
25147,0.028937444,998
26741,0.028898377,999
27905,0.02880662,1000
23011,0.028723478,1001
27314,0.028675012,1002
22757,0.028638609,1003
29891,0.028612997,1004
25460,0.028584063,1005
25260,0.02856464,1006
24947,0.02849865,1007
27506,0.028449051,1008
29785,0.02838353,1009
27212,0.028362572,1010
21434,0.028246194,1011
25624,0.028235063,1012
22440,0.028204203,1013
21671,0.028149597,1014
22443,0.028076574,1015
23173,0.028046377,1016
22596,0.028038215,1017
29816,0.027979389,1018
28178,0.02797217,1019
24740,0.027945869,1020
29473,0.027835354,1021
26306,0.027698226,1022
28353,0.027648754,1023
22550,0.027602263,1024
20632,0.027594998,1025
22714,0.027587224,1026
29545,0.027531449,1027
23058,0.027440123,1028
28185,0.02742692,1029
29985,0.027383942,1030
27974,0.02723176,1031
23136,0.027227469,1032
20008,0.027218752,1033
29303,0.027209021,1034
28404,0.027147748,1035
25401,0.02710151,1036
21645,0.027090427,1037
25588,0.02705124,1038
22656,0.027005713,1039
21688,0.0268591,1040
23852,0.026663452,1041
20233,0.026615977,1042
27964,0.026596844,1043
27600,0.026532859,1044
26878,0.026521698,1045
29636,0.026434433,1046
20565,0.026426852,1047
28831,0.026393123,1048
29495,0.026349567,1049
22735,0.026346005,1050
28830,0.026338495,1051
25463,0.026294295,1052
28153,0.026237637,1053
26793,0.026119731,1054
26488,0.02600281,1055
23567,0.025859047,1056
20725,0.025849618,1057
21813,0.025827093,1058
27526,0.02582118,1059
27425,0.025793105,1060
28016,0.025763877,1061
26351,0.025703177,1062
27258,0.025698505,1063
22279,0.025630444,1064
24865,0.025618816,1065
24268,0.025606781,1066
21336,0.02560579,1067
22677,0.025597163,1068
27662,0.025570884,1069
29063,0.025439508,1070
26931,0.025434561,1071
20125,0.025371097,1072
26869,0.025362939,1073
23440,0.025260665,1074
29684,0.025240839,1075
23360,0.025229141,1076
28444,0.025202855,1077
26256,0.025179114,1078
26258,0.025131024,1079
25377,0.025083974,1080
20349,0.025019914,1081
22404,0.025012676,1082
28426,0.024934828,1083
29911,0.024849549,1084
24818,0.024747595,1085
20464,0.024657145,1086
24682,0.024581917,1087
27459,0.024576075,1088
23953,0.024513025,1089
21271,0.024485264,1090
21562,0.02443552,1091
20396,0.02443108,1092
28824,0.02439215,1093
23166,0.024357252,1094
24071,0.024285968,1095
29037,0.024269186,1096
21891,0.024198636,1097
21567,0.024168536,1098
27727,0.024146758,1099
26307,0.02414285,1100
26465,0.024120867,1101
23484,0.02409298,1102
24011,0.024032496,1103
27047,0.02397263,1104
24152,0.023924876,1105
25608,0.02390232,1106
26602,0.023894861,1107
25518,0.023875505,1108
25151,0.023824453,1109
28013,0.02376695,1110
23119,0.023757052,1111
26451,0.023731858,1112
27116,0.023712464,1113
29151,0.023667477,1114
22168,0.023617506,1115
26845,0.023615088,1116
26132,0.023561448,1117
23069,0.02355656,1118
24375,0.02352,1119
23732,0.023494378,1120
28229,0.023481615,1121
24090,0.023476169,1122
25033,0.023389813,1123
26624,0.023376744,1124
23127,0.02336676,1125
24877,0.023355514,1126
26637,0.023338683,1127
20290,0.023331076,1128
29475,0.023304276,1129
23340,0.023294639,1130
26921,0.023272391,1131
27926,0.023236535,1132
27742,0.023130745,1133
20242,0.023122497,1134
21611,0.023036748,1135
20213,0.023024112,1136
27798,0.023018211,1137
27046,0.022930536,1138
29310,0.02292255,1139
24490,0.022896372,1140
23148,0.022821829,1141
27979,0.022786252,1142
20532,0.022784121,1143
22103,0.022739917,1144
20410,0.022737507,1145
28454,0.022730362,1146
25516,0.022542685,1147
23347,0.022505179,1148
27369,0.022491582,1149
28183,0.02245979,1150
29167,0.02245932,1151
23463,0.022422105,1152
26642,0.02237425,1153
20998,0.022369396,1154
24867,0.022358958,1155
23400,0.022340447,1156
20820,0.022319652,1157
26317,0.022281326,1158
22969,0.022236705,1159
23287,0.022223733,1160
27271,0.02216132,1161
24060,0.022147343,1162
29812,0.022139922,1163
22129,0.022088438,1164
27488,0.022052608,1165
20602,0.021965407,1166
21609,0.021929849,1167
22522,0.021904655,1168
24599,0.02190417,1169
20735,0.021902196,1170
25225,0.0217801,1171
24493,0.021705016,1172
23188,0.02170156,1173
25853,0.021569785,1174
21648,0.021554478,1175
20714,0.021541923,1176
23989,0.02154059,1177
23674,0.021538734,1178
29620,0.021468692,1179
20098,0.021467455,1180
22203,0.021457136,1181
26704,0.021420762,1182
25246,0.021392666,1183
26700,0.021387398,1184
23266,0.02137445,1185
23932,0.021350242,1186
24211,0.021343783,1187
25031,0.02124045,1188
27939,0.021217518,1189
25881,0.021175556,1190
20425,0.021175362,1191
28998,0.021173261,1192
20474,0.021168172,1193
25975,0.021123812,1194
27692,0.021041885,1195
29346,0.02103424,1196
21363,0.020999297,1197
25890,0.020996984,1198
23537,0.020983966,1199
25495,0.020977564,1200
29185,0.020954616,1201
23137,0.020943329,1202
29890,0.020932272,1203
22176,0.02089613,1204
20325,0.02089433,1205
24065,0.02085463,1206
20243,0.02081626,1207
29469,0.020801552,1208
24202,0.020760663,1209
29948,0.020706609,1210
20411,0.020683609,1211
26187,0.020670481,1212
21488,0.020597875,1213
26268,0.020597361,1214
23202,0.02059728,1215
22628,0.020571541,1216
22472,0.020542715,1217
29126,0.020536691,1218
24383,0.020532072,1219
26067,0.020496875,1220
25653,0.020496234,1221
22518,0.020487413,1222
24542,0.020468488,1223
29600,0.020431433,1224
24548,0.020399846,1225
25822,0.020367652,1226
24664,0.020362917,1227
27316,0.020362474,1228
21058,0.020329155,1229
20935,0.02031742,1230
21538,0.020304278,1231
26497,0.020261243,1232
25010,0.020196237,1233
23098,0.020191297,1234
23882,0.020126015,1235
26281,0.020014174,1236
22976,0.019997276,1237
20554,0.019953147,1238
26026,0.019935414,1239
27952,0.019934036,1240
20715,0.01991234,1241
26982,0.019911937,1242
27995,0.019849705,1243
26252,0.01982895,1244
20576,0.019753225,1245
25897,0.019721922,1246
29331,0.019715093,1247
23001,0.019705221,1248
27534,0.01969073,1249
29507,0.019669093,1250
28738,0.01962179,1251
27275,0.01962091,1252
23595,0.019611955,1253
20729,0.01960836,1254
28276,0.01960504,1255
24612,0.019531779,1256
21899,0.019510165,1257
29215,0.01948217,1258
24177,0.019479297,1259
28703,0.019463345,1260
20466,0.01944831,1261
24985,0.019437008,1262
23048,0.019404024,1263
25560,0.019379374,1264
27170,0.019332748,1265
27613,0.019318938,1266
20743,0.01930954,1267
27163,0.019262545,1268
29258,0.019205496,1269
22357,0.019198751,1270
29717,0.019188143,1271
28926,0.019106433,1272
22062,0.019087724,1273
21347,0.019086726,1274
25877,0.01906871,1275
28067,0.019044228,1276
25122,0.019023933,1277
23776,0.019018754,1278
29379,0.019018121,1279
24556,0.019012403,1280
29200,0.019007247,1281
27487,0.01895687,1282
24555,0.018922642,1283
26388,0.018915452,1284
20879,0.018905602,1285
27500,0.018840749,1286
25538,0.018838933,1287
25589,0.018838339,1288
26848,0.018820334,1289
24933,0.018726029,1290
21692,0.01872567,1291
25155,0.01871732,1292
20420,0.018699221,1293
27670,0.018688358,1294
21062,0.018680535,1295
26346,0.018656647,1296
20666,0.018653242,1297
28994,0.018588752,1298
28722,0.0185621,1299
27127,0.018550053,1300
22450,0.018488832,1301
21571,0.018410333,1302
28095,0.018381484,1303
21788,0.018374644,1304
25383,0.018371888,1305
20131,0.01836764,1306
27614,0.018357314,1307
22908,0.018331492,1308
27763,0.018320058,1309
27015,0.018287294,1310
23333,0.01826904,1311
28121,0.01825945,1312
24651,0.018228479,1313
29210,0.018219948,1314
22902,0.01821515,1315
29277,0.018199079,1316
28255,0.018185005,1317
28233,0.018180486,1318
29595,0.01816829,1319
24809,0.018131616,1320
24339,0.018117502,1321
29213,0.01803995,1322
27862,0.018015943,1323
20369,0.018010464,1324
22152,0.018003434,1325
23494,0.017982498,1326
27919,0.017979309,1327
24922,0.017974094,1328
29101,0.017948285,1329
25456,0.01792664,1330
23549,0.017916836,1331
26994,0.017915081,1332
24492,0.017899223,1333
22318,0.017888255,1334
23714,0.01785878,1335
21667,0.017844602,1336
24099,0.017826017,1337
21250,0.017789494,1338
20269,0.017785933,1339
21048,0.01778049,1340
25120,0.017745815,1341
24497,0.017720625,1342
27674,0.017686546,1343
22960,0.01762975,1344
24061,0.017619818,1345
21119,0.017612008,1346
25480,0.017580032,1347
25767,0.017573688,1348
21815,0.017572753,1349
22191,0.017571002,1350
21900,0.017561011,1351
25050,0.017553926,1352
26230,0.017539568,1353
29747,0.017534144,1354
21979,0.017524421,1355
29506,0.017517596,1356
23220,0.017515384,1357
27743,0.017512828,1358
20970,0.01746459,1359
20545,0.017454896,1360
25507,0.01743982,1361
23327,0.017424874,1362
25718,0.017421432,1363
25381,0.017419845,1364
21457,0.017415658,1365
26206,0.017407484,1366
27172,0.017392911,1367
21760,0.017365664,1368
29450,0.017364502,1369
29902,0.017361373,1370
21184,0.017262492,1371
27856,0.017228667,1372
20762,0.01722303,1373
28967,0.017197281,1374
24207,0.017165896,1375
23013,0.0171431,1376
27179,0.017137878,1377
29834,0.017110124,1378
24537,0.01709668,1379
26021,0.017082833,1380
29818,0.01702357,1381
23072,0.017015249,1382
20782,0.017011072,1383
24201,0.016980112,1384
23469,0.016976848,1385
22934,0.016966026,1386
22779,0.01695805,1387
22238,0.016939335,1388
26323,0.016877882,1389
20803,0.01687485,1390
22285,0.016871586,1391
25359,0.016866371,1392
27339,0.016845547,1393
25836,0.01683142,1394
25759,0.016824342,1395
22326,0.016816333,1396
28301,0.01680009,1397
29198,0.016778551,1398
28724,0.016770452,1399
25540,0.016767412,1400
23017,0.016757067,1401
28587,0.01675563,1402
24956,0.016727824,1403
21991,0.016718015,1404
26638,0.016691972,1405
29097,0.016691785,1406
27330,0.016684502,1407
28408,0.016680062,1408
22333,0.016679566,1409
28019,0.016655415,1410
20141,0.016631756,1411
29898,0.016602099,1412
29309,0.01656904,1413
25032,0.01656226,1414
23499,0.016499482,1415
29465,0.016487315,1416
20357,0.016477883,1417
27373,0.016449004,1418
24731,0.016444504,1419
27273,0.016431533,1420
22236,0.016328864,1421
26751,0.016231269,1422
22797,0.016215524,1423
21674,0.016214572,1424
29199,0.016208965,1425
22893,0.016206957,1426
24057,0.016191863,1427
21534,0.016191024,1428
28241,0.016185708,1429
26544,0.016174644,1430
25799,0.016154595,1431
24210,0.016141675,1432
20232,0.016124576,1433
20866,0.016101956,1434
23693,0.016058885,1435
29427,0.016052227,1436
20184,0.01604589,1437
29708,0.016022548,1438
25810,0.01600258,1439
25548,0.015991155,1440
27041,0.015978836,1441
22346,0.015940942,1442
24440,0.015916284,1443
27399,0.015914485,1444
29589,0.015900347,1445
21975,0.015899904,1446
27080,0.015893713,1447
26699,0.015890941,1448
23640,0.015873786,1449
28352,0.015841689,1450
29755,0.015826762,1451
23950,0.015810672,1452
26617,0.015804261,1453
22938,0.015797533,1454
29136,0.015791006,1455
21709,0.01577809,1456
26888,0.015755687,1457
25163,0.015749674,1458
26141,0.015740711,1459
26836,0.015667237,1460
20944,0.015639193,1461
26957,0.015562415,1462
29615,0.015560679,1463
23435,0.015496977,1464
27835,0.015492015,1465
21784,0.015466295,1466
28089,0.015451536,1467
28021,0.015441455,1468
21847,0.015418932,1469
29674,0.015416689,1470
28304,0.015402421,1471
22210,0.015393116,1472
25342,0.015389446,1473
29573,0.015387315,1474
23818,0.015386954,1475
29041,0.015381908,1476
29527,0.015288468,1477
23122,0.015267033,1478
21057,0.015219796,1479
26091,0.015193731,1480
22877,0.015188009,1481
20281,0.015182756,1482
22711,0.015180562,1483
28242,0.015166596,1484
24799,0.015164509,1485
24213,0.015153341,1486
27971,0.015125811,1487
24676,0.015125506,1488
26127,0.015090983,1489
22118,0.015089758,1490
22979,0.0150557235,1491
25443,0.015039153,1492
21714,0.015006468,1493
26479,0.014975861,1494
24968,0.014970519,1495
27017,0.014948808,1496
29176,0.01492101,1497
26809,0.014907487,1498
24432,0.01483617,1499
29457,0.01483582,1500
23310,0.014804281,1501
22512,0.014785558,1502
28326,0.014776766,1503
23557,0.014731064,1504
20683,0.014706299,1505
24077,0.014700547,1506
25502,0.01469823,1507
22943,0.0146961585,1508
22984,0.0146938935,1509
28227,0.01467938,1510
29187,0.014641471,1511
21083,0.014629766,1512
28274,0.014600091,1513
23450,0.014542311,1514
20560,0.014538892,1515
23240,0.014537297,1516
25755,0.014512848,1517
24753,0.014512591,1518
22329,0.014496334,1519
28094,0.014491163,1520
27911,0.014487103,1521
25936,0.014480859,1522
28692,0.014443476,1523
29537,0.014424697,1524
25186,0.014401138,1525
21137,0.0143979825,1526
23684,0.014363861,1527
26224,0.01436194,1528
28549,0.014272407,1529
24401,0.014242031,1530
24187,0.014204513,1531
25914,0.014163192,1532
20612,0.014162254,1533
24110,0.014148267,1534
27347,0.014142364,1535
27189,0.014102733,1536
27559,0.014085341,1537
26019,0.014036156,1538
29633,0.013994545,1539
28215,0.0139847025,1540
26103,0.013964124,1541
28063,0.013960972,1542
22205,0.01396054,1543
26557,0.013950758,1544
27942,0.01393801,1545
22663,0.013904449,1546
25123,0.013872713,1547
28566,0.013865352,1548
25916,0.013842244,1549
24113,0.013808515,1550
28981,0.01379104,1551
28925,0.013789721,1552
22850,0.013732556,1553
26976,0.013727486,1554
24334,0.013722405,1555
26780,0.013718825,1556
24056,0.013682857,1557
20064,0.013635524,1558
22114,0.013628863,1559
20291,0.013623565,1560
22910,0.013576403,1561
28673,0.013571657,1562
27463,0.013563264,1563
25979,0.013555035,1564
25585,0.013545424,1565
26013,0.013536368,1566
27268,0.013519116,1567
24373,0.01351149,1568
25264,0.01350864,1569
29668,0.0134931095,1570
25220,0.013491638,1571
29170,0.013483562,1572
21205,0.013459742,1573
23289,0.013459258,1574
26005,0.0134347975,1575
23764,0.0134054385,1576
27516,0.013376892,1577
26804,0.013356984,1578
22173,0.013346709,1579
20898,0.013346314,1580
24650,0.0133069195,1581
29461,0.013282828,1582
29193,0.013278104,1583
23569,0.013260491,1584
27963,0.013259426,1585
25757,0.013253674,1586
29212,0.013246469,1587
23519,0.013244137,1588
23156,0.013221458,1589
23808,0.01320564,1590
27539,0.013203837,1591
23976,0.013183109,1592
23054,0.013162464,1593
22958,0.013154946,1594
26203,0.01313211,1595
21871,0.013129927,1596
23317,0.013123728,1597
24300,0.013099261,1598
24452,0.013072833,1599
28969,0.013038464,1600
21374,0.013021477,1601
23653,0.01301197,1602
27349,0.013000257,1603
22543,0.012996465,1604
27182,0.012964815,1605
26378,0.012964567,1606
21745,0.012902752,1607
25219,0.012900382,1608
20833,0.012855947,1609
27474,0.012830662,1610
20847,0.012812059,1611
26675,0.012805643,1612
26168,0.012712359,1613
22987,0.012678087,1614
20888,0.012644693,1615
21511,0.0126376,1616
26629,0.012619466,1617
20937,0.01261875,1618
29792,0.012567468,1619
28720,0.0125582665,1620
28214,0.012545593,1621
25539,0.012522984,1622
21814,0.012501411,1623
23715,0.012499362,1624
25580,0.0124966055,1625
22598,0.012492321,1626
29446,0.012487434,1627
23169,0.012476798,1628
23398,0.012456037,1629
20604,0.012447938,1630
22852,0.012428474,1631
29826,0.012414439,1632
22214,0.01237049,1633
27404,0.012368184,1634
20818,0.0123449415,1635
27307,0.012335734,1636
28646,0.012329776,1637
23842,0.012328565,1638
25649,0.012320384,1639
28661,0.012310853,1640
28818,0.012215704,1641
23364,0.012182623,1642
23078,0.012162648,1643
25091,0.01216045,1644
29541,0.012144402,1645
24595,0.01211942,1646
27603,0.012076875,1647
25762,0.012046553,1648
29925,0.012037903,1649
29626,0.012028672,1650
20282,0.012028001,1651
28727,0.01201833,1652
28971,0.012008287,1653
20500,0.011992164,1654
29496,0.011934832,1655
29664,0.011925057,1656
26123,0.01184535,1657
29350,0.011844806,1658
21509,0.011836767,1659
21324,0.011832651,1660
23466,0.0118321255,1661
28584,0.0118120015,1662
23383,0.0118013695,1663
29437,0.011768825,1664
27371,0.0117665455,1665
21529,0.011713214,1666
24583,0.0117109865,1667
21329,0.011710353,1668
26011,0.01169683,1669
28220,0.011630867,1670
22713,0.011625819,1671
26782,0.0116036795,1672
28801,0.011575006,1673
29822,0.011569433,1674
27383,0.011561349,1675
24657,0.011503328,1676
21552,0.011483781,1677
26701,0.011483386,1678
21969,0.011451345,1679
24889,0.011433266,1680
29002,0.011431202,1681
26572,0.011421204,1682
22827,0.01135084,1683
24786,0.011320442,1684
20989,0.011315353,1685
27508,0.011312764,1686
25818,0.011271793,1687
26261,0.0112674795,1688
28018,0.011222035,1689
23971,0.011206232,1690
27214,0.011179574,1691
21731,0.011178829,1692
23142,0.011166476,1693
24451,0.011090219,1694
27536,0.011077486,1695
24850,0.011059485,1696
28101,0.011032268,1697
24471,0.011005349,1698
27982,0.010974828,1699
21884,0.010960221,1700
22409,0.010958478,1701
28515,0.010958448,1702
21680,0.010941394,1703
23134,0.0109393895,1704
26062,0.010936767,1705
24466,0.010911774,1706
23434,0.010881655,1707
20288,0.010880984,1708
26046,0.010870621,1709
23230,0.010863066,1710
23222,0.010844834,1711
22416,0.01080469,1712
27402,0.010785148,1713
28225,0.010784615,1714
29096,0.010755762,1715
25933,0.010687366,1716
20684,0.0106605515,1717
27284,0.010588571,1718
26866,0.010579988,1719
20326,0.010543365,1720
24816,0.010525994,1721
27575,0.010456726,1722
29385,0.010423541,1723
21140,0.010422878,1724
21126,0.010422803,1725
25510,0.010414068,1726
27746,0.010412954,1727
22520,0.010312691,1728
24833,0.010308668,1729
22583,0.010295033,1730
23578,0.010288566,1731
26818,0.010260932,1732
20550,0.010156937,1733
27599,0.01015681,1734
25182,0.010136001,1735
21563,0.010118432,1736
24662,0.010080077,1737
24796,0.0100622475,1738
29568,0.010045592,1739
25362,0.010030527,1740
21606,0.010011472,1741
20788,0.009997383,1742
28393,0.009969555,1743
22561,0.009950869,1744
26495,0.009943608,1745
28197,0.009939015,1746
20890,0.009928338,1747
21230,0.0098934695,1748
21458,0.009796556,1749
25141,0.009756736,1750
21968,0.009750873,1751
24624,0.009741172,1752
21179,0.009737425,1753
27122,0.009677954,1754
22706,0.009581776,1755
28060,0.009531243,1756
24214,0.009517185,1757
20914,0.009409323,1758
21479,0.00939405,1759
20097,0.009287247,1760
25070,0.009262543,1761
29577,0.009230547,1762
28222,0.009197637,1763
29263,0.009129584,1764
21723,0.0090896115,1765
25586,0.009065524,1766
26489,0.009048642,1767
22562,0.009046629,1768
29733,0.009034021,1769
22658,0.009014189,1770
27815,0.008954138,1771
23217,0.008873396,1772
29759,0.008812308,1773
28596,0.00875425,1774
27297,0.008692116,1775
24229,0.00862857,1776
20548,0.008614693,1777
25938,0.008604728,1778
20761,0.008603916,1779
24062,0.008535676,1780
29131,0.008500539,1781
24592,0.008334313,1782
27175,0.008242711,1783
28684,0.00819066,1784
24959,0.008166414,1785
24593,0.008119859,1786
23824,0.008023139,1787
20467,0.008018091,1788
28796,0.007996231,1789
21861,0.007957891,1790
21945,0.0079337135,1791
25282,0.007928465,1792
29106,0.00790219,1793
22312,0.007875584,1794
26036,0.007837355,1795
20176,0.007831901,1796
28567,0.0077937506,1797
21262,0.0077930465,1798
29156,0.00779026,1799
24969,0.007778734,1800
21246,0.007718783,1801
28783,0.0076752566,1802
27411,0.007674113,1803
20572,0.007630512,1804
25848,0.007584676,1805
27823,0.007528536,1806
23084,0.007457409,1807
22166,0.0074156374,1808
22229,0.0074128406,1809
21185,0.007398432,1810
29043,0.007338036,1811
20482,0.0073141083,1812
29821,0.007312037,1813
28617,0.007303722,1814
21988,0.0073033795,1815
24983,0.007262334,1816
22981,0.0072496906,1817
23845,0.007224232,1818
26553,0.007184522,1819
24855,0.007127648,1820
28836,0.0071204007,1821
23748,0.0070756953,1822
20128,0.0070683807,1823
25825,0.007035345,1824
25743,0.007033583,1825
20289,0.007029604,1826
24793,0.007001303,1827
20677,0.0069827083,1828
29938,0.0069631264,1829
24539,0.0069620386,1830
23545,0.0069600493,1831
29453,0.0068530086,1832
29546,0.0068134405,1833
26879,0.006786518,1834
23005,0.0067842603,1835
28649,0.006777823,1836
20391,0.0067548715,1837
23274,0.0067004487,1838
25682,0.006681813,1839
28387,0.006582264,1840
23838,0.0065655857,1841
24912,0.0065508187,1842
27445,0.0065323487,1843
25615,0.00652726,1844
25508,0.0064838976,1845
20985,0.0064570233,1846
24329,0.0064108595,1847
25793,0.006384447,1848
21651,0.0063430034,1849
24377,0.006336649,1850
29640,0.0063271224,1851
20265,0.0063083544,1852
29715,0.0062735826,1853
20679,0.006233178,1854
21040,0.0061754882,1855
29670,0.006160793,1856
27294,0.0061165392,1857
21778,0.006024234,1858
21625,0.005933406,1859
26510,0.0058961,1860
25746,0.0058920756,1861
23199,0.005885884,1862
27194,0.0057919323,1863
27719,0.0057848245,1864
27953,0.0057483613,1865
23522,0.0057212096,1866
21085,0.0055985376,1867
23413,0.0055836625,1868
21312,0.005543679,1869
29290,0.005511649,1870
29886,0.005505115,1871
24293,0.0055050403,1872
24989,0.0053434744,1873
29369,0.005275145,1874
25883,0.0052266084,1875
22280,0.0052117817,1876
29122,0.0051885545,1877
24414,0.0051462688,1878
27752,0.005078934,1879
23746,0.0050504357,1880
25663,0.0050289333,1881
29630,0.0049150717,1882
22710,0.004900746,1883
28402,0.0048815757,1884
27489,0.0048812404,1885
25321,0.0048502753,1886
29578,0.0048493743,1887
23599,0.004848767,1888
24834,0.0048423633,1889
22017,0.0048272945,1890
22276,0.0047837123,1891
25380,0.0047618374,1892
21202,0.00474339,1893
24151,0.0047034435,1894
25285,0.0046763904,1895
21200,0.0046543814,1896
21987,0.0046065133,1897
29246,0.004595652,1898
22499,0.0045561614,1899
23366,0.0045531094,1900
20653,0.0044586062,1901
21912,0.0044396147,1902
22736,0.0043773577,1903
25109,0.00429751,1904
20053,0.0042798966,1905
20448,0.004266061,1906
21860,0.0042606033,1907
29311,0.0042002313,1908
23120,0.0040999223,1909
28283,0.004056163,1910
21613,0.003986163,1911
22011,0.0039036497,1912
23695,0.003860414,1913
25206,0.0038066208,1914
21904,0.0037918612,1915
22244,0.0037633479,1916
23311,0.003739383,1917
26083,0.0037296563,1918
21695,0.003727194,1919
27751,0.0037107319,1920
21508,0.00369595,1921
28657,0.0036895536,1922
23679,0.0036058798,1923
22361,0.003605269,1924
26872,0.003583178,1925
22861,0.0035513118,1926
23412,0.0035064984,1927
26678,0.0034922957,1928
26695,0.0034366027,1929
20808,0.0034321472,1930
25240,0.0034290329,1931
28172,0.0033962056,1932
24069,0.0033868253,1933
20721,0.0033405386,1934
27338,0.0033388603,1935
28023,0.003320597,1936
25792,0.0033117384,1937
27505,0.0032700226,1938
25309,0.0032675564,1939
26487,0.0032463074,1940
23526,0.0032238625,1941
24482,0.0032090321,1942
24381,0.0032036677,1943
27637,0.003193356,1944
29931,0.0031266697,1945
25642,0.0029978529,1946
24749,0.0029862057,1947
21175,0.0029698908,1948
25896,0.002912417,1949
20695,0.002904117,1950
29681,0.0028480291,1951
22619,0.0028132312,1952
29110,0.0027352795,1953
25158,0.0027153967,1954
20270,0.0027101114,1955
25976,0.0026909336,1956
21781,0.0026474409,1957
27000,0.0026381686,1958
22564,0.0026366487,1959
26135,0.0026081372,1960
28088,0.0025718957,1961
29088,0.0025689378,1962
23914,0.0025685504,1963
29116,0.0025639627,1964
26413,0.0025628433,1965
26411,0.0025623664,1966
27839,0.0025106035,1967
24458,0.002509039,1968
23832,0.0025038756,1969
29644,0.0024614446,1970
23184,0.0024539307,1971
24400,0.0024447292,1972
22390,0.0023991987,1973
22304,0.0023549646,1974
23631,0.002329871,1975
23446,0.002326224,1976
28394,0.0022162125,1977
23295,0.0021839514,1978
22281,0.0021775942,1979
24807,0.0021633059,1980
24403,0.002161093,1981
25695,0.002160862,1982
28539,0.002154529,1983
28464,0.0020966455,1984
22119,0.0020923465,1985
20012,0.0020679533,1986
26232,0.0020632967,1987
25617,0.0020554215,1988
27071,0.0020538084,1989
25717,0.002024103,1990
20525,0.001976985,1991
27018,0.0019746576,1992
26315,0.0019587874,1993
25843,0.0019505247,1994
21658,0.0019203294,1995
28350,0.0019046701,1996
25249,0.0018712096,1997
27681,0.0017936751,1998
29627,0.0017706938,1999
29924,0.0017644837,2000
21386,0.0017485991,2001
26807,0.0017439127,2002
27109,0.0017039925,2003
26088,0.0016873032,2004
29766,0.0016769022,2005
20817,0.0016534403,2006
21581,0.0016461778,2007
28743,0.0016343296,2008
27236,0.0015893206,2009
24964,0.0015781969,2010
20707,0.001575062,2011
22927,0.0015697256,2012
24535,0.001560282,2013
21959,0.0015532747,2014
22296,0.001551861,2015
24733,0.0015396401,2016
24594,0.0015391856,2017
24900,0.0014706226,2018
29089,0.0014619008,2019
22569,0.0014574602,2020
29268,0.0014491826,2021
20656,0.0014031082,2022
22872,0.0013937727,2023
23605,0.001393579,2024
21451,0.0013894588,2025
27747,0.0013741422,2026
27158,0.0013564825,2027
23739,0.0012931004,2028
20980,0.0012646988,2029
24887,0.0012228093,2030
24145,0.0012205467,2031
22056,0.0012131389,2032
24940,0.0012072995,2033
25522,0.0011683553,2034
27087,0.0011599213,2035
23214,0.0011288077,2036
29852,0.0011239499,2037
29036,0.001117453,2038
21953,0.001090996,2039
24760,0.001038216,2040
22733,0.0010077525,2041
25156,0.0010060444,2042
29666,0.0009810925,2043
20744,0.0009726845,2044
22029,0.00093416125,2045
25909,0.0009330511,2046
21447,0.00092217326,2047
29082,0.0009155944,2048
24264,0.0008887276,2049
25427,0.00086770207,2050
29301,0.0008552596,2051
29481,0.0007916838,2052
25777,0.0007438436,2053
29649,0.0007407367,2054
25781,0.0006752983,2055
27857,0.0006752461,2056
28476,0.0006593745,2057
21634,0.0006493367,2058
26937,0.0006435886,2059
29623,0.0005501788,2060
28542,0.00048792455,2061
26164,0.000472378,2062
27877,0.0004557222,2063
23420,0.0004425645,2064
23507,0.00043861195,2065
22200,0.0004121065,2066
22781,0.0003896132,2067
27648,0.00036955625,2068
25209,0.00035167485,2069
29230,0.00035021454,2070
24345,0.0003194064,2071
26842,0.0003181547,2072
26669,0.000317391,2073
24380,0.00031524152,2074
20304,0.00031051785,2075
27362,0.0002974961,2076
26578,0.00026014447,2077
26803,0.00024236739,2078
23613,0.00024069846,2079
23740,0.00012718327,2080
23020,1.6056001e-05,2081
